<?xml version="1.0" encoding="UTF-8"?>
<!DOCTYPE suite SYSTEM "https://testng.org/testng-1.0.dtd">
<suite name="Suite" parallel="methods" thread-count="2">
	<!--<listeners>-->
	<!--	<listener class-name="com.azentio.listeners.AnnotationTransform"/>		-->
	<!--</listeners>-->
	<!--	-->
	<parameter name = "browser" value ="CHROME" />
	<parameter name = "environment" value ="QA" />
	
	<test name= "test">
	<classes>
			<class name="com.azentio.loginpage.testcases.LoginTest"/>
		</classes>
	</test>
</suite> 
